Image,License_Plate
N107.jpeg,KL01AU585
N37.jpeg,32-TRK-3
N99.jpeg,MH03BS7778
N61.jpeg,TN52U1580
N73.jpeg,MH12DE1433
N98.jpeg,MH14EH5819
N57.jpeg,KL55R2473
N90.jpeg,KL60N5344
N9.jpeg,MH14TC206/AN
N42.jpeg,TN5.9AQ15.15
N30.jpeg,RK-361-S
N82.jpeg,MH 14TCF460
N12.jpeg,7-XFT-96
N49.jpeg,HR26CH3604
N54.jpeg,MHO1AR574
N2.jpeg,42-UK-32
N84.jpeg,KA031351
N56.jpeg,DL3CAY9324
N18.jpeg,GS-084-V
N62.jpeg,MH.20.TC.640B
N27.jpeg,17-TXT-4
N110.jpeg,MH20CS1938
N106.jpeg,KL454455
N64.jpeg,KH14EY5972
N47.jpeg,HR 99 HA TEMP)4575
N94.jpeg,TN-07BU5427
N3.jpeg,94-FD-TJ
N85.jpeg,HR26BN0283
N53.jpeg,HR260G6167
N14.jpeg,9-KKB-22
N95.jpeg,MH12AK5600
N24.jpeg,84-KJS-7
N101.jpeg,WOBNP 300
N103.jpeg,CL31VLGP
N20.jpeg,JP-548-J
N108.jpeg,KL10AW2111
N7.jpeg,77-ZFK-8
N51.jpeg,HR.26.CK.8571
N105.jpeg,MH15-TC-554
N40.jpeg,DL6CAB123X
N23.jpeg,84-PL-FJ
N36.jpeg,GL-395-X
N112.jpeg,MH20EE7598
N31.jpeg,JV-628-B
N11.jpeg,NP-826D
N25.jpeg,PJ-323-K
N35.jpeg,VBJ-87-T
N28.jpeg,77-ZFK-8
N1.jpeg,77-ZFK-8
N89.jpeg,MH01BU5207
N78.jpeg,KL01AX8000
N96.jpeg,TN38BW1139
N86.jpeg,GJKF1111
N91.jpeg,MH20CS4946
N97.jpeg,MH13BN4348
N63.jpeg,HR26 TC 7099
N33.jpeg,TK-642-F
N72.jpeg,MHO4DW8351
N100.jpeg,HR26CT4063
N34.jpeg,PK-015-L
N59.jpeg,MH20EE 7597
N79.jpeg,TN37CR4019
N68.jpeg,MH01AR 5274
N32.jpeg,G-241-GH
N88.jpeg,UP80CR00
N17.jpeg,8-SHG-12
N74.jpeg,MH12JC2813
N22.jpeg,24-PGR-3
N19.jpeg,53-RGT-1
N70.jpeg,KA 03 AB 3380
N66.jpeg,KL16J3636
N75.jpeg,JH10BL2779
N50.jpeg,MH14DT8831
N81.jpeg,GJ 17 TC 214
N92.jpeg,KL10AW2814
N93.jpeg,KL 49H5270
N80.jpeg,MH20 EE045
N77.jpeg,HR 26 U 7501
N5.jpeg,77-ZFK-8
N38.jpeg,V-494-RT
N44.jpeg,KA51MJ8156
N111.jpeg,TNO7BV5200
N15.jpeg,7-XFT-96
N104.jpeg,MH-14-TC-947
N46.jpeg,HH02AJ34L
N6.jpeg,PH-792-N
N43.jpeg,KA 03 AB 3380
N4.jpeg,24-KZT-5
N102.jpeg,MHL02BM5048
N67.jpeg,KL43B2344
N52.jpeg,HR696969
N8.jpeg,42-UK-32
N45.jpeg,HR26BP3543
N16.jpeg,7-XFT-96
N21.jpeg,56-ZF-DL
N69.jpeg,MH46Z8892
N65.jpeg,HR26BU0375
N48.jpeg,HR26DK6475
N109.jpeg,TS09EB1458
N58.jpeg,MH20CS1941
